seller_id,seller_state,orders,item_price_revenue,avg_review_score,late_rate,avg_freight_per_item
4869f7a5dfa277a7dca6462dcf3b52b2,SP,1124,226987.93,4.139473684210526,0.11585365853658537,17.43826655052265
53243585a1d6dc2643021fd1853d8905,BA,348,217940.44,4.128140703517588,0.04,32.14145
4a3ca9315b744ce9f8e9374361493884,SP,1772,196882.12,3.828230409963674,0.10979989738327348,17.61842483324782
fa1c13f2614d7b5c4749cbc52fecda94,SP,578,190917.13999999998,4.373913043478261,0.10189982728842832,17.126701208981004
7c67e1448b00f6e969d365cea6b010ab,SP,973,186570.05,3.3474387527839644,0.0959409594095941,37.8130184501845
7e93a43ef30c4f03f38b393420bc753a,SP,319,165981.49,4.364485981308412,0.055900621118012424,18.60888198757764
da8622b14eb17ae2831f4ac5b9dab84a,SP,1311,159816.87,4.067769130998703,0.07299741602067183,16.07875322997416
7a67c85e85bb2ce8582c35f2203ad736,SP,1145,139658.69,4.268090671316478,0.05887445887445888,17.852666666666668
1025f0e2d44d7041d6cf58b6550e0bfa,SP,910,138208.56,3.8693181818181817,0.09225352112676057,23.743943661971834
955fee9216a65b617aa5c0531780ce60,SP,1261,131836.71,4.088235294117647,0.08084239130434782,16.827289402173914
46dc3b2cc0980fb8ec44634e21d2718e,RJ,503,122811.38,4.263565891472868,0.06309751434034416,21.704588910133843
6560211a19b47992c3666cc44a7e94c0,SP,1819,120702.83,3.950480040424457,0.06212424849699399,13.701457915831664
620c87c171fb2a6dd6e8bb4dec959fc6,RJ,722,112461.5,4.26797385620915,0.09511568123393316,17.75922879177378
7d13fca15225358621be4086e1eb0964,SP,558,112436.18000000001,4.017605633802817,0.1190893169877408,14.883169877408058
5dceca129747e92ff8ef7a997dc4f8ca,SP,322,111126.73,4.017699115044247,0.05830903790087463,39.580728862973764
1f50f920176fa81dab994f9023523100,SP,1399,106655.70999999999,3.9924400417101147,0.09449636552440291,18.202092419522327
cc419e0650a3c5ba77189a1882b7556a,SP,1651,101090.95999999999,4.141885325558794,0.05991855730075625,14.453769633507854
a1043bafd471dff536d0c462352beb48,MG,702,99309.23,4.246666666666667,0.05585106382978723,41.36105053191489
3d871de0142ce09b7081e2b9d1733cb1,SP,1064,93407.4,4.150134048257373,0.0592396109637489,19.547524314765695
edb1ef5e36e0c8cd84eb3c9b003e486d,RJ,165,79144.9,4.454022988505747,0.07471264367816093,22.33471264367816
ccc4bbb5f32a6ab2b7066a4130f114e3,PR,184,72926.72,4.319148936170213,0.07407407407407407,27.3789417989418
f7ba60f8c3f99e7ee4042fdef03b70c4,SP,218,68070.0,4.218340611353712,0.16593886462882096,18.855633187772924
fe2032dab1a61af8794248c8196565c9,SP,293,65689.71,4.395348837209302,0.08524590163934426,15.44554098360656
8581055ce74af1daba164fdbd55a40de,SP,380,64011.22,4.265258215962441,0.09836065573770492,22.161030444964872
cca3071e3e9bb7d12640c9fbe2301306,SP,699,63035.16,3.885,0.05385556915544676,17.32361077111383
04308b1ee57b6625f47df1d56f00eedf,SC,92,58991.8,3.9456521739130435,0.11956521739130435,32.05239130434783
522620dcb18a6b31cd7bdf73665113a9,PR,172,56690.49,3.914285714285714,0.10112359550561797,25.748146067415732
de722cd6dad950a92b7d4f82673f8833,PE,337,55126.3,4.167553191489362,0.03978779840848806,25.597586206896548
37be5a7c751166fbc5f8ccba4119e043,SP,269,54735.55,4.323636363636363,0.025179856115107913,21.659028776978417
17e34d8224d27a541263c4c64b11a56b,SP,247,54440.28,4.2015503875969,0.08076923076923077,19.57773076923077
7ddcbb64b5bc1ef36ca8c151f6ec77df,SP,325,54435.66,3.9773413897280965,0.08383233532934131,23.254760479041916
25c5c91f63607446a97b143d2d535d31,MG,156,54208.78,3.7339622641509433,0.06015037593984962,26.11248120300752
218d46b86c1881d022bce9c68a7d4b15,SP,382,53710.3,4.173444976076555,0.09047619047619047,17.744380952380954
ceaec5548eefc6e23e6607c5435102e7,SP,198,51478.18,4.201970443349754,0.05825242718446602,29.978398058252427
f5a590cf36251cf1162ea35bef76fe84,SP,113,51232.78,4.279661016949152,0.1016949152542373,35.03542372881356
e882b2a25a10b9c057cc49695f222c19,RJ,57,51057.54,4.586206896551724,0.0,49.2451724137931
2bf6a2c1e71bbd29a4ad64e6d3c3629f,RJ,30,50628.9,4.193548387096774,0.0967741935483871,32.27709677419355
f8db351d8c4c4c22c6835c19a46f01b0,SP,659,50082.6,4.253164556962025,0.058823529411764705,17.373137254901962
b2ba3715d723d245138f291a6fe42594,SP,324,49302.18,4.204610951008646,0.08571428571428572,17.9842
17f51e7198701186712e53a39c564617,SP,56,48019.0,4.344262295081967,0.08196721311475409,160.54803278688524
8160255418d5aaa7dbdc9f4c64ebda44,SP,380,46368.39,3.8544152744630074,0.1792452830188679,18.224740566037735
966cb4760537b1404caedd472cc610a5,SP,67,45928.26,4.119402985074627,0.029850746268656716,22.45238805970149
77530e9772f57a62c906e1c21538ab82,PR,312,45676.6,4.081364829396326,0.11548556430446194,21.71839895013123
4e922959ae960d389249c378d1c939f5,SP,412,45338.42,3.9027149321266967,0.10762331838565023,16.02506726457399
850f4f8af5ea87287ac68de36e29107f,SP,186,45285.37,4.288770053475936,0.06282722513089005,16.21649214659686
c826c40d7b19f62a09e2d7c5e7295ee2,SP,346,44653.04,4.09065934065934,0.09041095890410959,14.914054794520549
b33e7c55446eabf8fe1a42d037ac7d6d,SP,149,44215.17,4.190789473684211,0.13157894736842105,17.476184210526316
ba90964cff9b9e0e6f32b23b82465f7b,SP,38,44212.5,4.421052631578948,0.05263157894736842,34.5
eeb6de78f79159600292e314a77cbd18,SC,82,43510.84,4.421686746987952,0.03614457831325301,36.09698795180723
c3cfdc648177fdbbbb35635a37472c53,PR,278,43048.18,4.447712418300654,0.02280130293159609,19.803355048859935
4d6d651bd7684af3fffabd5f08d12e5a,SP,363,42999.0,4.201030927835052,0.04627249357326478,20.017377892030847
b839e41795b7f3ad94cc2014a52f6796,SP,33,42829.0,4.027777777777778,0.027777777777777776,25.58138888888889
e9779976487b77c6d4ac45f75ec7afe9,SP,645,42229.69,4.204081632653061,0.07452574525745258,13.525216802168023
17a053fcb14bd219540cbde0df490be0,SP,124,40353.24,4.226027397260274,0.08108108108108109,59.197094594594596
d91fb3b7d041e83b64a00a3edfb37e4f,SP,524,39926.39,4.140754958413308,0.06285714285714286,17.25344761904762
834f3294fba9f932f56edc879193f925,SP,66,39907.5,4.545454545454546,0.06060606060606061,65.15030303030304
391fc6631aebcf3004804e51b40bcf1e,SP,521,39475.3,3.9791666666666665,0.09586776859504133,16.667504132231404
712e6ed8aa4aa1fa65dab41fed5737e4,SC,77,39385.0,3.4642857142857144,0.21176470588235294,79.58611764705881
634964b17796e64304cadf1ad3050fb7,RJ,265,39114.1,3.873065015479876,0.09597523219814241,18.26625386996904
2eb70248d66e0e3ef83659f71b244378,SP,187,38990.72,2.806701030927835,0.14213197969543148,15.51274111675127
7142540dd4c91e2237acb7e911c4eba2,SP,316,37181.94,4.061349693251533,0.07926829268292683,20.865060975609754
7178f9f4dd81dcef02f62acdf8151e01,SC,202,36795.4,4.046728971962617,0.046511627906976744,20.39553488372093
ea8482cd71df3c1969d7b9473ff13abc,SP,1132,36696.76,3.983065198983912,0.10353535353535354,14.555446127946126
c70c1b0d8ca86052f45a432a38b73958,SP,260,36289.15,4.315315315315315,0.08035714285714286,11.611339285714285
06a2c3af7b3aee5d69171b0e14f0ee87,MA,389,36097.979999999996,4.022784810126582,0.236318407960199,30.028656716417913
c3867b4666c7d76867627c2f7fb22e21,SP,228,34666.9,4.01673640167364,0.11203319502074689,19.474273858921162
7299e27ed73d2ad986de7f7c77d919fa,MG,335,34107.44,4.430167597765363,0.04748603351955307,19.00695530726257
e9bc59e7b60fc3063eb2290deda4cced,PR,209,33543.69,4.0346153846153845,0.12692307692307692,17.456653846153845
1835b56ce799e6a4dc4eddc053f04066,SP,417,33005.32,3.6174311926605505,0.10526315789473684,15.649655172413791
5c243662ce92d84573bfaff24c3e3700,SP,98,32862.02,4.1313131313131315,0.03,17.7564
dbc22125167c298ef99da25668e1011f,MG,394,32829.12,4.274038461538462,0.023980815347721823,18.674892086330935
9c0e69c7bf2619675bbadf47b43f655a,SP,151,32720.4,4.090909090909091,0.095,14.1171
2528513dd95219a6013d4d05176e391a,SP,160,32660.2,3.96319018404908,0.05421686746987952,22.534759036144578
76d5af76d0271110f9af36c92573f765,SP,128,31944.6,4.097402597402597,0.08387096774193549,24.43264516129032
70eea00b476a314817cefde4aad4f89a,SP,106,31424.75,4.378378378378378,0.07142857142857142,24.32955357142857
0241d4d5d36f10f80c644447315af0bd,PR,238,31397.7,4.3061224489795915,0.056910569105691054,27.86142276422764
88460e8ebdecbfecb5f9601833981930,PR,246,31320.4,3.37123745819398,0.19666666666666666,16.46063333333333
7681ef142fd2c19048da7430856b5588,SP,58,31211.81,4.162162162162162,0.11842105263157894,37.669210526315794
87142160b41353c4e5fca2360caf6f92,RS,305,31095.98,4.362426035502959,0.05604719764011799,21.293008849557523
855668e0971d4dfd7bef1b6a4133b41b,SP,300,30849.22,3.8306188925081432,0.1382636655948553,24.306559485530546
e59aa562b9f8076dd550fcddf0e73491,PR,69,30716.3,4.329268292682927,0.08536585365853659,26.342317073170733
70a12e78e608ac31179aea7f8422044b,SP,312,29963.53,3.794392523364486,0.10835913312693499,17.101300309597523
53e4c6e0f4312d4d2107a8c9cddf45cd,SP,463,29587.77,4.080392156862745,0.052734375,18.9378125
d23019c84ffae2d5ef2270367b8605fc,PR,39,29205.1,4.410256410256411,0.02564102564102564,70.50615384615385
1554a68530182680ad5c8b042c3ab563,MG,246,28979.64,4.2679245283018865,0.07116104868913857,25.22441947565543
900ba814c251a692506d7834c1218441,SP,86,28833.03,4.226190476190476,0.13953488372093023,27.14453488372093
0b90b6df587eb83608a64ea8b390cf07,PR,163,28492.76,4.016826923076923,0.03349282296650718,17.216172248803826
59b22a78efb79a4797979612b885db36,MG,125,27184.5,3.9696969696969697,0.12781954887218044,36.82383458646616
d1c281d3ae149232351cd8c8cc885f0d,SP,214,26833.61,3.7974683544303796,0.08786610878661087,22.510753138075312
b32be1695eb7ec5f10f72d9610a12527,RS,44,26575.0,4.159090909090909,0.044444444444444446,65.28177777777778
12b9676b00f60f3b700e83af21824c0e,RS,133,26376.0,4.537878787878788,0.015037593984962405,26.508796992481205
a3a38f4affed601eb87a97788c949667,SC,251,26294.62,4.403100775193798,0.046153846153846156,19.941
7e1fb0a3ebfb01ffb3a7dae98bf3238d,SP,155,26169.53,4.155688622754491,0.13609467455621302,17.059704142011835
de23c3b98a88888289c6f5cc1209054a,SP,161,25933.670000000002,4.314606741573034,0.0898876404494382,14.86623595505618
9f505651f4a6abe901a56cdc21508025,SP,393,25912.84,4.305687203791469,0.046948356807511735,13.966549295774648
16090f2ca825584b5a147ab24aa30c86,SP,398,25579.16,4.07196029776675,0.10837438423645321,13.312463054187191
b94cc9f10ddc85e4ba73a6f7974e7101,RJ,39,25346.1,4.297297297297297,0.07692307692307693,26.215128205128206
a416b6a846a11724393025641d4edd5e,SP,157,24930.24,4.215909090909091,0.125,16.679318181818182
c003204e1ab016dfa150abc119207b24,SP,195,24904.29,4.44,0.065,23.57085
1c68394e931a64f90ea236c5ea590300,PR,142,24832.75,3.9298245614035086,0.03508771929824561,16.938070175438597
f62d7bb4a613ec758a03342d46b580b2,MG,32,24665.0,4.375,0.125,66.4246875
1900267e848ceeba8fa32d80c1a5f5a8,SP,406,24639.57,3.878640776699029,0.0994263862332696,15.372791586998089
001cca7ae9ae17fb1caed9dfb1094831,ES,195,24487.03,3.965367965367965,0.05555555555555555,36.99089743589744
dc4a0fc896dc34b0d5bfec8438291c80,SP,225,23655.98,3.8161157024793386,0.06611570247933884,18.562314049586778
2b3e4a2a3ea8e01938cabda2a3e5cc79,SP,52,23629.15,4.388888888888889,0.0,16.776851851851852
612170e34b97004b3ba37eae81836b4c,RS,107,23065.02,4.427272727272728,0.01818181818181818,20.973272727272725
7b0df942f46435babab05d49b744b2c4,SP,32,22600.63,4.387096774193548,0.09375,21.0046875
1a3df491d1c4f1589fc2b934ada68bf2,SC,160,22472.4,4.242690058479532,0.05263157894736842,23.849298245614037
710e3548e02bc1d2831dfc4f1b5b14d4,PR,131,22369.25,3.463235294117647,0.043795620437956206,27.318686131386862
744dac408745240a2c2528fb1b6028f3,PR,78,22322.6,4.554216867469879,0.012048192771084338,22.624096385542167
7ad32824caee82087b3e2e5f33b1bf32,SP,147,22018.1,3.785310734463277,0.12777777777777777,19.320555555555554
f45122a9ab94eb4f3f8953578bc0c560,SP,184,21764.68,3.9238578680203045,0.07106598984771574,16.6456345177665
897060da8b9a21f655304d50fd935913,SP,304,21740.51,3.4706601466992666,0.12106537530266344,15.781646489104116
06e5eefc71ec47ae763c5c6f8db7064f,RS,90,21648.670000000002,3.956043956043956,0.021505376344086023,23.136021505376345
8444e55c1f13cd5c179851e5ca5ebd00,MG,92,21480.96,3.156862745098039,0.10784313725490197,19.26186274509804
05ff92fedb5be47920fea08e501238b9,RS,57,21235.98,4.283333333333333,0.05,29.131500000000003
8f2ce03f928b567e3d56181ae20ae952,SP,151,21213.2,4.116959064327485,0.14534883720930233,21.840697674418603
59fb871bf6f4522a87ba567b42dafecf,SP,123,21178.600000000002,4.256,0.064,16.10864
d2374cbcbb3ca4ab1086534108cc3ab7,SP,514,20926.02,3.690864600326264,0.0532258064516129,15.232596774193548
00ee68308b45bc5e2660cd833c3f81cc,SP,135,20260.0,4.3274853801169595,0.08139534883720931,18.49220930232558
48162d548f5b1b11b9d29d1e01f75a61,SP,66,20109.39,3.8202247191011236,0.02247191011235955,22.94876404494382
729f06993dac8e860d4f02d7088ca48a,SP,94,19885.18,4.330357142857143,0.09734513274336283,43.478672566371685
004c9cd9d87a3c30c522c48c4fc07416,SP,156,19569.73,4.156626506024097,0.07738095238095238,20.977916666666665
bfd27a966d91cfaafdb25d076585f0da,SP,114,19225.0,4.324561403508772,0.05217391304347826,22.925304347826085
dc317f341ab0e22f39acbd9dbf9b4a1f,RS,55,18988.4,4.120689655172414,0.05172413793103448,61.75396551724138
96493fab2fbb13a14d0c0e8772eef5c3,SP,63,18969.0,4.031746031746032,0.0625,18.94109375
f457c46070d02cadd8a68551231220dd,PR,195,18798.3,3.8013100436681224,0.06521739130434782,15.872652173913044
0dd184061fb0eaa7ca37932c68ab91c5,SP,161,18446.92,3.953125,0.09844559585492228,27.56217616580311
44073f8b7e41514de3b7815dd0237f4f,DF,142,18380.64,3.7466666666666666,0.046357615894039736,20.78708609271523
d650b663c3b5f6fb392b6326366efa9a,SP,57,18335.9,4.368421052631579,0.07017543859649122,14.949298245614035
cd68562d3f44870c08922d380acae552,SP,122,18119.7,3.90625,0.20155038759689922,16.745426356589146
527801b552d0077ffd170872eb49683b,SP,90,17942.8,4.483516483516484,0.09782608695652174,22.41913043478261
a888faf2d1baececa6baf9c3d603ee1f,PR,53,17564.8,4.111111111111111,0.14814814814814814,20.517592592592592
9de4643a8dbde634fe55621059d92273,SC,72,17560.34,4.530864197530864,0.06172839506172839,21.260123456790122
165fc07beebdcb6190fba8a06db2a449,PR,50,17481.4,3.6875,0.125,25.00046875
94144541854e298c2d976cb893b81343,RS,68,17286.28,4.333333333333333,0.039473684210526314,18.807499999999997
8b321bb669392f5163d04c59e235e066,SP,930,17262.94,4.021978021978022,0.10248756218905472,13.854726368159204
1e8b33f18b4f7598d87f5cbee2282cc2,SP,122,17233.56,4.306569343065694,0.04316546762589928,19.356187050359715
0c8380b62e38e8a1e6adbeba7eb9688c,MG,180,17228.99,4.060185185185185,0.05045871559633028,18.67775229357798
54a1852d1b8f10312c55e906355666ee,SP,198,17056.46,4.3681592039801,0.09900990099009901,16.641435643564357
abe42c5d03695b4257b5c6cbf4e6784e,RJ,49,17000.0,3.9583333333333335,0.16326530612244897,19.337755102040816
76d64c4aca3a7baf218bf93ef7fa768d,PR,64,16911.8,4.1231884057971016,0.028985507246376812,51.35492753623189
8ae520247981aa06bc94abddf5f46d34,SC,65,16320.99,4.446153846153846,0.015384615384615385,22.236153846153844
41b39e28db005d9731d9d485a83b4c38,SP,187,16306.75,4.242152466367713,0.05829596412556054,16.850986547085203
4a3ccda38b2129705f3fb522db62ca31,SP,64,16169.09,3.8013698630136985,0.0958904109589041,18.35232876712329
ef0ace09169ac090589d85746e3e036f,RJ,128,16105.400000000001,4.366906474820144,0.07913669064748201,16.542302158273383
7aa4334be125fcdd2ba64b3180029f14,SP,214,16012.949999999999,4.080508474576271,0.1350210970464135,18.21759493670886
fa40cc5b934574b62717c68f3d678b6d,SP,304,15900.48,4.446428571428571,0.05934718100890208,13.30127596439169
86ccac0b835037332a596a33b6949ee1,SC,178,15894.34,4.031400966183575,0.028846153846153848,18.776971153846155
4b9750c8ad28220fe6702d4ecb7c898f,SP,217,15815.4,4.352941176470588,0.07692307692307693,15.196606334841627
d921b68bf747894be13a97ae52b0f386,MG,77,15645.8,4.558441558441558,0.012987012987012988,22.8312987012987
0adac9fbd9a2b63cccaac4f8756c1ca8,SP,106,15557.6,4.007462686567164,0.05223880597014925,17.894776119402987
2a5b78b41cd05baeac8df54c6606b92c,MG,46,15554.28,4.303571428571429,0.017857142857142856,18.235535714285714
c33847515fa6305ce6feb1e818569f13,SC,114,15519.85,3.71875,0.046875,34.175078125
229c3efbfb0ea2058de4ccdfbc3d784a,MG,118,15479.0,3.6433566433566433,0.020689655172413793,15.866965517241379
e5a38146df062edaf55c38afa99e42dc,SP,120,15270.89,3.967479674796748,0.08870967741935484,15.205967741935483
c847e075301870dd144a116762eaff9a,MG,41,15248.800000000001,4.195121951219512,0.09523809523809523,26.016190476190477
85d9eb9ddc5d00ca9336a2219c97bb13,MG,499,15107.24,4.210216110019647,0.03515625,16.47005859375
213b25e6f54661939f11710a6fddb871,SP,152,15105.95,3.823529411764706,0.11052631578947368,17.79478947368421
2a84855fd20af891be03bc5924d2b453,MG,155,14989.0,4.360759493670886,0.031446540880503145,20.608301886792454
01fdefa7697d26ad920e9e0346d4bd1b,PR,128,14802.53,4.372093023255814,0.06153846153846154,21.002
79ebd9a61bac3eaf882805ed4ecfa12a,PR,133,14783.09,4.014285714285714,0.05714285714285714,28.19592857142857
080199a181c46c657dc5aa235411be3b,SP,79,14504.2,4.609756097560975,0.024096385542168676,12.53831325301205
4c2b230173bb36f9b240f2b8ac11786e,SP,258,14474.57,3.75811209439528,0.09037900874635568,12.694285714285716
a5cba26a62b8b4d0145b68b841e62e7f,PR,53,14438.84,4.574074074074074,0.018518518518518517,24.94314814814815
1b4c3a6f53068f0b6944d2d005c9fc89,SC,111,14420.5,4.140350877192983,0.06086956521739131,25.882521739130436
5cf13accae3222c70a9cac40818ae839,MG,148,14293.300000000001,4.461038961038961,0.03225806451612903,19.37341935483871
66922902710d126a0e7d26b0e3805106,MG,150,14267.3,4.474025974025974,0.07096774193548387,20.629870967741937
8e6d7754bc7e0f22c96d255ebda59eba,SP,84,14107.380000000001,2.988372093023256,0.12403100775193798,13.06953488372093
aba1721a889e04decc910aa13b768ef4,SP,83,14103.3,4.456521739130435,0.10869565217391304,13.577934782608697
c6bda72e4dbf5c5866b13cb1810c6d03,SP,59,14059.380000000001,4.398305084745763,0.03389830508474576,19.26677966101695
2e90cb1677d35cfe24eef47d441b7c87,SP,127,13894.710000000001,4.036496350364963,0.12408759124087591,21.076277372262776
3b15288545f8928d3e65a8f949a28291,SP,101,13764.82,3.948717948717949,0.06779661016949153,20.33949152542373
b8bc237ba3788b23da09c0f1f3a3288c,SC,45,13685.710000000001,4.3478260869565215,0.02127659574468085,41.17978723404256
d94a40fd42351c259927028d163af842,MG,100,13674.8,4.132075471698113,0.03669724770642202,30.71165137614679
ce248b21cb2adc36282ede306b7660e5,SC,64,13560.19,4.246153846153846,0.1076923076923077,29.154
6039e27294dc75811c0d8a39069f52c0,SP,63,13500.8,3.864864864864865,0.25675675675675674,31.550270270270275
6d66611d7c44cc30ce351abc49a68421,SP,164,13428.6,3.9302325581395348,0.06896551724137931,18.48655172413793
34d1ca11b242c0fee2c834ae8d788566,MG,40,13422.24,4.3,0.0,23.95219512195122
289cdb325fb7e7f891c38608bf9e0962,SP,109,13410.55,4.592,0.016,16.60416
a3e9a2c700480d9bb01fba070ba80a0e,SP,129,13371.8,4.028368794326241,0.0979020979020979,20.063146853146854
a673821011d0cec28146ea42f5ab767f,SP,125,13366.0,3.922222222222222,0.11347517730496454,18.170496453900707
240b9776d844d37535668549a396af32,RJ,35,13332.09,4.3428571428571425,0.05714285714285714,23.987428571428573
1f9ab4708f3056ede07124aad39a2554,SP,76,13312.93,4.105263157894737,0.05194805194805195,30.90545454545455
d05ae8f7a5bd1d2a690a44cd079e4e27,RJ,77,13244.0,3.8227848101265822,0.0875,14.270625
0b35c634521043bf4b47e21547b99ab5,PR,50,13235.65,3.526315789473684,0.11688311688311688,18.89792207792208
669ae81880e08f269a64487cfb287169,SC,161,13133.87,4.1521739130434785,0.03783783783783784,18.115297297297296
05f51e13da97139648b8125c31e5f51b,MG,57,13100.31,4.25,0.15,31.477500000000003
440dd6ab244315c632130ecfb63827b1,SP,91,13089.0,3.891304347826087,0.13043478260869565,22.246521739130436
d50d79cb34e38265a8649c383dcffd48,SP,70,13012.42,4.246376811594203,0.07142857142857142,27.603714285714286
c31eff8334d6b3047ed34bebd4d62c36,SP,120,12991.61,3.875,0.14049586776859505,19.49785123966942
431af27f296bc6519d890aa5a05fdb11,SP,116,12974.6,3.796747967479675,0.1532258064516129,17.16491935483871
6edacfd9f9074789dad6d62ba7950b9c,SP,205,12966.4,4.393518518518518,0.05555555555555555,13.453148148148149
9e6229250fedbe05838fef417b74e7fb,SP,73,12962.300000000001,3.896103896103896,0.03896103896103896,23.830649350649352
e24fc9fcd865784fb25705606fe3dfe7,SP,51,12768.0,4.181818181818182,0.07272727272727272,18.412909090909093
ed4acab38528488b65a9a9c603ff024a,SP,32,12759.45,3.725,0.025,15.257749999999998
00fc707aaaad2d31347cf883cd2dfe10,PR,103,12684.9,3.791044776119403,0.044444444444444446,16.926592592592595
530ec6109d11eaaf87999465c6afee01,PR,94,12682.11,4.316831683168317,0.009900990099009901,25.713366336633666
75d34ebb1bd0bd7dde40dd507b8169c3,BA,57,12656.33,3.985074626865672,0.14925373134328357,19.60358208955224
99eaacc9e6046db1c82b163c5f84869f,SP,63,12642.28,4.014925373134329,0.1044776119402985,16.14417910447761
b372ee768ed69e46ca8cdbd267aa7a38,SP,63,12630.0,4.398550724637682,0.0,17.157101449275363
cfb1a033743668a192316f3c6d1d2671,SP,143,12609.54,4.025280898876405,0.10614525139664804,18.777430167597764
1ca7077d890b907f89be8c954a02686a,SP,108,12474.64,2.2698412698412698,0.1968503937007874,11.984330708661417
ac3508719a1d8f5b7614b798f70af136,RS,101,12446.140000000001,4.64,0.0297029702970297,29.351683168316832
d6b1ce66b035a475f00c017792ff9769,SP,92,12277.4,4.165048543689321,0.07407407407407407,18.874814814814815
056b4ada5bbc2c50cc7842547dda6b51,RJ,64,12203.400000000001,4.15625,0.1076923076923077,19.729076923076924
c66dccfb3f109511246da627dd5a2498,SP,44,12182.55,4.568181818181818,0.045454545454545456,21.471363636363638
2e1c9f22be269ef4643f826c9e650a52,SP,161,12170.24,4.234939759036145,0.0658682634730539,13.899880239520959
c8b0e2b0a7095e5d8219575d5e7e1181,SP,84,12170.210000000001,4.0476190476190474,0.07058823529411765,17.49564705882353
66e0557ecc2b4dbea057e93f215f68d8,SP,30,12141.0,4.033333333333333,0.26666666666666666,16.247333333333334
2138ccb85b11a4ec1e37afbd1c8eda1f,SP,388,12089.22,3.916267942583732,0.05489260143198091,14.087517899761338
7202e2ba20579a9bd1acb29e61fe71f6,SP,51,12085.699999999999,3.9423076923076925,0.05660377358490566,21.349245283018867
70c27847eca8195c983ed7e798c56743,RJ,77,12077.52,4.204081632653061,0.09183673469387756,14.812857142857144
ff063b022a9a0aab91bad2c9088760b7,SP,94,12076.5,4.28421052631579,0.03125,20.6746875
a7f13822ceb966b076af67121f87b063,SP,73,12017.69,3.4939759036144578,0.05952380952380952,35.270714285714284
701938c450705b8ae65fc923b70f35c7,SP,74,11879.289999999999,3.7545454545454544,0.05405405405405406,33.97837837837838
09f952a5f58d2285b0372551ae8f9b01,SP,50,11821.5,3.875,0.05357142857142857,27.231428571428573
48436dade18ac8b2bce089ec2a041202,SP,134,11821.11,4.129251700680272,0.06802721088435375,19.325850340136054
adbc26658d6c7b4b6219f9d934598091,PR,88,11806.4,4.054347826086956,0.15217391304347827,20.49836956521739
72c5da29406b4234927b81855e7b64f6,SP,31,11798.69,4.129032258064516,0.03225806451612903,27.541290322580643
128639473a139ac0f3e5f5ade55873a5,PR,527,11795.849999999999,4.202554744525547,0.0631768953068592,17.472364620938627
ce7d1888639e6fb06b2749cbfdac1ff7,MG,78,11793.89,4.107142857142857,0.08333333333333333,36.698214285714286
e8b3a3a38279a82f0e5d006d5e5b7d2c,PR,80,11762.4,3.929411764705882,0.047058823529411764,19.362470588235293
e26901d5ab434ce92fd9b5c256820a4e,SP,197,11601.5,4.144186046511628,0.023255813953488372,13.395953488372093
25e6ffe976bd75618accfe16cefcbd0d,SP,106,11552.62,4.417391304347826,0.05217391304347826,14.67113043478261
d1b65fc7debc3361ea86b5f14c68d2e2,SP,39,11413.17,4.65,0.05,35.253750000000004
0be8ff43f22e456b4e0371b2245e4d01,SP,156,11336.0,3.9657142857142857,0.06285714285714286,14.33422857142857
c60b801f2d52c7f7f91de00870882a75,SP,39,11296.5,3.4358974358974357,0.20512820512820512,17.90871794871795
1d8dbc4f32378d715c717c1c1fc57bae,PR,91,11205.99,3.9263157894736844,0.09278350515463918,21.49639175257732
6cd68b3ed6d59aaa9fece558ad360c0a,MG,149,11188.57,4.445859872611465,0.01910828025477707,16.113949044585986
cab85505710c7cb9b720bceb52b01cee,SP,201,11124.6,4.33743842364532,0.024509803921568627,13.859754901960784
80e6699fe29150b372a0c8a1ebf7dcc8,PR,96,11119.66,4.350515463917525,0.04081632653061224,27.215816326530614
5a8e7d5003a1f221f9e1d6e411de7c23,SP,137,11042.1,4.189944134078212,0.061452513966480445,14.89776536312849
8d956fec2e4337affcb520f56fd8cbfd,SP,210,10988.2,4.202643171806168,0.09691629955947137,14.598458149779736
95e03ca3d4146e4011985981aeb959b9,RJ,172,10865.16,4.013297872340425,0.031578947368421054,16.78578947368421
7ea5bfa6c340f58f8e71fc1f0412b0d6,MG,96,10838.41,4.138613861386139,0.06862745098039216,15.998529411764705
813348c996469b40f2e028d5429d3495,SP,172,10813.53,4.005208333333333,0.046153846153846156,17.73179487179487
82e0a475a88cc9595229d8029273f045,SP,41,10748.02,3.3797468354430378,0.06329113924050633,18.587088607594936
23d7c96d4a1160db1c726b248601b25a,SP,50,10658.24,3.93,0.11538461538461539,24.787115384615387
c9c7905cffc4ef9ff9f113554423e671,SP,127,10657.18,4.158273381294964,0.11510791366906475,15.176474820143886
dd2bdf855a9172734fbc3744021ae9b9,MG,105,10607.0,3.8173076923076925,0.05454545454545454,18.109181818181817
0ea22c1cfbdc755f86b9b54b39c16043,MG,234,10592.1,4.342911877394636,0.01509433962264151,15.969735849056603
c864036feaab8c1659f65ea4faebe1da,PR,58,10454.2,4.568965517241379,0.034482758620689655,31.820172413793102
6973a06f484aacf400ece213dbf3d946,SP,89,10418.72,3.6728971962616823,0.16666666666666666,11.924722222222222
54965bbe3e4f07ae045b90b0b8541f52,PR,73,10351.7,3.0657894736842106,0.32098765432098764,25.632839506172836
ea566164622c6b439516ab18062c42cd,SP,50,10309.42,3.75,0.23076923076923078,16.51076923076923
33a6f4b1e7cdc205511e76ba1b6e0186,SP,105,10295.01,4.357142857142857,0.015873015873015872,14.991269841269842
f262cbc1c910c83959f849465454ddd3,SP,189,10199.86,4.1182266009852215,0.09313725490196079,12.03450980392157
b499c00f28f4b7069ff6550af8c1348a,SP,147,10162.18,4.230769230769231,0.10989010989010989,13.756043956043955
9d5a9018aee56acb367ba9c3f05d1d6a,GO,66,10119.98,4.435897435897436,0.01282051282051282,21.428333333333335
0df3984f9dfb3d49ac6366acbd3bbb85,MG,86,9891.49,4.340909090909091,0.011363636363636364,16.852840909090908
9d4db00d65d7760644ac0c14edb5fd86,SP,97,9845.710000000001,4.540816326530612,0.04040404040404041,15.248383838383837
5343d0649eca2a983820bfe93fc4d17e,SP,70,9819.02,3.638888888888889,0.09090909090909091,21.591545454545457
f3b80352b986ab4d1057a4b724be19d0,DF,86,9815.1,4.164835164835165,0.0,23.365494505494507
5058e8c1e82653974541e83690655b4a,SP,62,9812.83,3.08,0.12987012987012986,39.07311688311688
bd23da7354813347129d751591d1a6e2,SP,86,9704.6,4.127906976744186,0.04597701149425287,15.91448275862069
17ca9b9e9b9ef8fdb529001b49ebb50f,MG,115,9649.86,4.03125,0.0234375,18.35125
e96498ed8daaa3e9c23f7a62da76591c,SP,34,9619.09,3.9411764705882355,0.14705882352941177,20.973529411764705
b2ac621f0d0322434d04a12b078b9369,PR,30,9575.5,4.4,0.1,26.046333333333333
ef506c96320abeedfb894c34db06f478,SP,316,9556.5,3.930091185410334,0.08734939759036145,15.338253012048193
1c129092bf23f28a5930387c980c0dfc,SP,200,9528.619999999999,4.18348623853211,0.0502283105022831,13.797123287671234
4830e40640734fc1c52cd21127c341d4,SP,204,9490.5,4.183962264150943,0.0660377358490566,14.207169811320755
3db66a856d18a9cba7c9241fc5221c50,MG,94,9478.300000000001,4.185567010309279,0.1134020618556701,21.075876288659792
ce27a3cc3c8cc1ea79d11e561e9bebb6,SP,122,9465.45,4.118110236220472,0.019867549668874173,14.269337748344372
01cf7e3d21494c41fb86034f2e714fa1,PR,59,9439.56,4.1875,0.046153846153846156,30.222307692307695
3c487ae8f8d7542beff5788e2e0aea83,DF,30,9385.699999999999,3.909090909090909,0.030303030303030304,21.80757575757576
31344c16881c08a8a72c6d2eb29918c1,MG,42,9365.8,4.428571428571429,0.047619047619047616,52.584523809523816
aaed1309374718fdd995ee4c58c9dfcd,SC,104,9345.45,4.045045045045045,0.02702702702702703,20.849369369369366
81a1104df0f08b59c68aa5b03cfe398e,PR,72,9320.98,4.314285714285714,0.05555555555555555,24.922916666666666
7b07b3c7487f0ea825fc6df75abd658b,SP,91,9259.47,4.395833333333333,0.041666666666666664,13.465520833333334
ca3bd7cd9f149df75950150d010fe4a2,SP,68,9253.47,3.785185185185185,0.022222222222222223,24.58437037037037
aafe36600ce604f205b86b5084d3d767,SC,129,9251.4,4.3816793893129775,0.04580152671755725,18.48702290076336
7040e82f899a04d1b434b795a43b4617,SP,208,9213.7,3.5863636363636364,0.08968609865470852,14.005650224215248
cb8bcce248bb1fb274ba762d8b971456,MG,66,9152.4,4.343283582089552,0.014925373134328358,17.91179104477612
dd7ddc04e1b6c2c614352b383efe2d36,SP,121,9148.61,3.780141843971631,0.14788732394366197,20.257535211267605
0db783cfcd3b73998abc6e10e59a102f,SP,132,9077.4,4.213235294117647,0.0364963503649635,14.592335766423357
048c2757535328e0d7dac690ad3c0aae,SP,50,9065.08,4.244897959183674,0.14,24.9466
5b8154610ebb21fb90eb587365e673df,SP,37,9048.05,4.175,0.15,26.21675
624f4ece8da4aafb77699233d480f8ef,SP,52,9046.0,4.185185185185185,0.07407407407407407,31.58425925925926
4e7c18b98d84e05cbae3ff0ff03846c2,SP,81,9038.9,4.172413793103448,0.045454545454545456,32.08477272727273
8b28d096634035667e8263d57ba3368c,SP,139,9025.3,3.8986486486486487,0.13245033112582782,16.60754966887417
066a6914e1ebf3ea95a216c73a986b91,PR,66,8956.380000000001,3.9722222222222223,0.041666666666666664,22.988611111111112
f27e33c6d29b5138fa9967bcd445b6d5,SP,93,8888.3,4.091836734693878,0.10204081632653061,16.264795918367348
32b8764b4ef628b53608fc34011fcc13,SC,36,8884.0,4.2368421052631575,0.07894736842105263,78.16894736842106
5f2684dab12e59f83bef73ae57724e45,SP,67,8870.970000000001,3.7534246575342465,0.0547945205479452,15.202054794520548
f80edd2c5aaa505cc4b0a3b219abf4b8,SP,116,8855.5,4.137096774193548,0.064,23.48096
8e8a7ce9f2f970dc00e2acf6f6e199f6,RJ,63,8821.0,4.015625,0.09375,17.9340625
9b013e03b2ab786505a1d3b5c0756754,SP,170,8714.55,4.0607476635514015,0.05454545454545454,11.619454545454547
6d803cb79cc31c41c4c789a75933b3c7,SP,58,8711.4,4.28030303030303,0.06060606060606061,18.388939393939395
1da3aeb70d7989d1e6d9b0e887f97c23,SP,261,8691.56,4.080495356037152,0.04938271604938271,12.887407407407409
b1a81260566c1bac3114a6d124413f27,RS,51,8684.69,4.222222222222222,0.018518518518518517,28.990925925925925
562fc2f2c2863ab7e79a9e4388a58a14,SP,255,8659.25,4.247148288973384,0.033962264150943396,15.943245283018868
a49928bcdf77c55c6d6e05e09a9b4ca5,SP,96,8646.900000000001,2.9711538461538463,0.25,16.605
fffd5413c0700ac820c7069d66d98c89,SP,57,8535.0,3.912280701754386,0.13793103448275862,44.66034482758621
6c7d50c24b3ccd2fd83b44d8bb34e073,SP,112,8445.960000000001,4.44,0.015873015873015872,21.252619047619046
259f7b5e6e482c230e5bfaa670b6bb8f,SP,136,8393.14,4.273291925465839,0.018518518518518517,16.63135802469136
db2956745b3a8e9f3785c99f34b5d25e,SP,45,8261.0,3.8043478260869565,0.10869565217391304,20.592608695652174
b92e3c8f9738272ff7c59e111e108d7c,MG,62,8231.09,4.057142857142857,0.02857142857142857,34.48871428571429
cbd996ad3c1b7dc71fd0e5f5df9087e2,SP,160,8217.5,4.132596685082873,0.08465608465608465,14.666349206349206
4371b634e0efc0e22b09b52907d9d469,SP,101,8168.0,4.4363636363636365,0.07207207207207207,13.306396396396396
fdb9095204a334cd8872252ffec6f2db,SP,46,8156.0,4.139344262295082,0.04918032786885246,18.57983606557377
33a17d60c64393351ebf1ef860f4e0f2,RS,43,8152.4800000000005,4.617021276595745,0.02127659574468085,27.22085106382979
93dc87703c046b603023e75222018b45,MG,33,8149.35,4.15625,0.08823529411764706,19.08794117647059
7d456afc660226829370f3173d14520c,SP,55,8118.25,4.258426966292135,0.056179775280898875,16.41887640449438
6c177e38df6d3f34182b1f1d427231bf,PR,53,8112.89,4.148148148148148,0.037037037037037035,18.558518518518518
fcb5ace8bcc92f75707dc0f01a27d269,SP,59,8009.35,3.898550724637681,0.02857142857142857,12.935571428571428
b1fc4f64df5a0e8b6913ab38803c57a9,RJ,107,7994.74,3.7815126050420167,0.11570247933884298,17.737603305785125
903037660cf848a717166eb7a06d616e,SP,44,7935.18,3.8135593220338984,0.15254237288135594,18.37271186440678
5656537e588803a555b8eb41f07a944b,DF,171,7931.26,3.8216216216216217,0.07567567567567568,17.969135135135136
3078096983cf766a32a06257648502d1,SP,56,7910.84,4.295081967213115,0.04918032786885246,22.46311475409836
972d0f9cf61b499a4812cf0bfa3ad3c4,SC,81,7910.42,2.9642857142857144,0.11627906976744186,24.427093023255814
750303a20e9c56b2a6bc45cdce0b897d,GO,53,7876.0,4.339285714285714,0.03571428571428571,23.014642857142857
725c32fa80c2faacc4fc88450d27314e,SP,89,7838.88,4.538461538461538,0.010752688172043012,14.277204301075269
2dee2ce60de9709b1a24083217181a1f,MT,54,7784.5,4.363636363636363,0.03636363636363636,37.455636363636366
b18dc380845b24038cfc48006478f099,SP,43,7753.96,4.297872340425532,0.14583333333333334,16.601458333333333
5b925e1d006e9476d738aa200751b73b,SP,63,7748.5,4.603174603174603,0.06349206349206349,16.719682539682537
6fd52c528dcb38be2eea044946b811f8,SP,67,7743.0199999999995,3.5,0.10714285714285714,13.554285714285713
ebd2d60905fb58271facef5596b620d3,SP,82,7713.02,4.235294117647059,0.03529411764705882,19.26329411764706
3bb548e3cb7f70f28e3f11ee9dce0e59,PR,46,7690.02,3.981132075471698,0.0,16.92056603773585
2089a6d640999f9b9141ac719b2af596,SP,41,7676.02,3.926829268292683,0.14634146341463414,15.624634146341464
08633c14ef2db992c11f840f04fad4cd,SP,74,7644.3,4.237113402061856,0.061855670103092786,14.685773195876289
4e17c65a516f69d023a2ae78b84f28d6,SP,61,7639.26,4.081081081081081,0.10810810810810811,15.615405405405404
0432ead42b6c8a0bdf68154add917fdf,SP,82,7574.400000000001,4.551724137931035,0.034482758620689655,13.563218390804598
42bde9fef835393bb8a8849cb6b7f245,DF,34,7574.0,4.282051282051282,0.02564102564102564,19.676153846153845
8a432f4e5b471f8da497d7dc517666e2,SP,95,7555.0,4.201923076923077,0.0660377358490566,18.53877358490566
e5a3438891c0bfdb9394643f95273d8e,SP,216,7549.96,3.8857142857142857,0.18218623481781376,13.282348178137651
058fd0aa2bfdb2274e05e1ae971dabb6,SP,60,7549.9,4.380952380952381,0.07936507936507936,13.95047619047619
7008613ea464bad5cb9b83456e1e6a8f,SC,123,7538.7,4.291390728476821,0.039473684210526314,19.403552631578947
640e21a7d01df7614a3b4923e990d40c,SP,115,7528.89,4.286764705882353,0.0661764705882353,17.87985294117647
062ce95fa2ad4dfaedfc79260130565f,RS,54,7479.1,4.016949152542373,0.03389830508474576,20.073389830508475
bd0389da23d89b726abf911cccc54596,DF,87,7472.16,4.2,0.07777777777777778,18.403444444444442
a420f60ff1aa9acc80d0e42959f2b313,SP,67,7443.3,3.925373134328358,0.08695652173913043,15.941594202898552
7a241947449cc45dbfda4f9d0798d9d0,MG,56,7434.66,3.7846153846153845,0.06060606060606061,28.40878787878788
0bae85eb84b9fb3bd773911e89288d54,SP,136,7433.5599999999995,4.227586206896552,0.006896551724137931,20.048275862068966
18a349e75d307f4b4cc646a691ed4216,SP,109,7425.21,3.5196850393700787,0.0546875,14.77078125
e0a366315b1b726b6c7832d664c0f530,SP,43,7400.09,4.333333333333333,0.0392156862745098,14.609411764705882
b410bdd36d5db7a65dcd42b7ead933b8,GO,42,7368.9,4.809523809523809,0.023809523809523808,22.638333333333335
381c83fdca332ea6afd896da20bf6e4a,PR,46,7355.8,4.391304347826087,0.043478260869565216,21.72195652173913
a2e874074c877c5a05abae80ad6e488f,SP,40,7355.0,4.190476190476191,0.047619047619047616,26.317619047619047
aced59e9b31ef866a94f9e7f29d8d418,SP,61,7268.5,4.447761194029851,0.07462686567164178,15.631343283582089
e333046ce6517bd8bb510291d44f0130,SP,68,7268.0,4.391891891891892,0.05405405405405406,19.34216216216216
8648b1e89e9b349e32d3741b30ec737e,SP,93,7228.75,4.12,0.1,14.2027
cee48807215b30a12ca2ca10ffb5f250,SP,39,7212.2300000000005,3.7,0.15,22.83225
dbb9b48c841a0e39e21f98e1a6b2ec3e,SP,108,7186.85,4.203389830508475,0.0423728813559322,13.401779661016949
cc63f0dd2acba93ffed4fe9f8e0321fa,SP,55,7096.71,4.0476190476190474,0.0,22.221746031746033
febab0275244b9a49a623f0bd613ca2f,SP,106,7094.82,4.317460317460317,0.03968253968253968,23.06738095238095
d13e50eaa47b4cbe9eb81465865d8cfc,SP,66,7073.05,4.8088235294117645,0.20588235294117646,12.272058823529411
7722b1df1b0e383e000397b2c11e3e19,SP,133,7046.6,4.223776223776224,0.027777777777777776,14.301944444444445
dd55f1bb788714a40e7954c3be6df745,SP,35,7041.759999999999,3.810810810810811,0.16216216216216217,17.82216216216216
d98eec89afa3380e14463da2aabaea72,RS,168,6968.53,4.293956043956044,0.02185792349726776,17.79661202185792
d9bd94811c3338dceb4181f3dbc0c73e,SP,54,6911.02,4.819672131147541,0.11475409836065574,12.640819672131148
36a968b544695394e4e9d7572688598f,SP,148,6864.47,3.7275641025641026,0.04487179487179487,13.16173076923077
58f1a6197ed863543e0136bdedb3fce2,MG,44,6833.0,4.155555555555556,0.022222222222222223,23.793111111111113
40d54b51e962dbe09cabbcfd33298dee,SP,30,6785.5599999999995,3.903225806451613,0.0,17.344838709677422
ff1fb4c404b2efe68b03350a8dc24122,SP,46,6771.0,4.061224489795919,0.14285714285714285,18.28469387755102
3340ef1913fb70d28420f6ceb685c339,PR,32,6731.15,4.333333333333333,0.09523809523809523,17.866666666666667
ececbfcff9804a2d6b40f589df8eef2b,SP,97,6714.15,4.116504854368932,0.0970873786407767,17.80883495145631
fa1a9dec3a9940c072684a46728bf1fc,SC,55,6674.0,3.983050847457627,0.0,20.0285
1127b7f2594683f2510f1c2c834a486b,SP,110,6669.7,4.1796875,0.0625,13.81796875
b4ffb71f0cb1b1c3d63fad021ecf93e1,SP,143,6635.69,4.0426829268292686,0.024390243902439025,15.254573170731707
63b464dbf392c7b80d12d932fa7cafed,SP,36,6622.0,3.763157894736842,0.05263157894736842,22.65368421052632
609e1a9a6c2539919b8205cf7c4e6ff0,SC,87,6595.23,3.598360655737705,0.023076923076923078,20.67069230769231
83e197e95a1bbabc8c75e883ed016c47,RJ,46,6574.1900000000005,4.7407407407407405,0.018518518518518517,17.802407407407408
aac29b1b99776be73c3049939652091d,MG,94,6563.66,4.0078740157480315,0.0916030534351145,19.615419847328244
5d0363b33554b373851fc1622e4d5f3c,SP,93,6548.79,4.085106382978723,0.0851063829787234,23.143404255319147
11305281b50fff20ae8bb473f8e11876,MG,35,6528.7,4.35,0.125,36.11275
751bdc4d83a466c7206cd42e8f426b03,SP,51,6520.96,3.712121212121212,0.014705882352941176,15.000294117647059
282f23a9769b2690c5dda22e316f9941,MG,98,6464.28,4.330275229357798,0.045871559633027525,17.126330275229357
516e7738bd8f735ac19a010ee5450d8d,RJ,74,6463.19,4.609756097560975,0.04878048780487805,17.591463414634145
4c03b9dd4c11ee2cb35c96c49efc9420,SP,48,6458.6,4.1063829787234045,0.020833333333333332,17.577708333333334
92eb0f42c21942b6552362b9b114707d,SP,334,6416.41,3.957865168539326,0.07541899441340782,13.535279329608938
7dc8c42cc750eeafea6c85712ffee9bf,SP,41,6409.68,4.26,0.04,20.7082
376a891762bbdecbc02b4b6adec3fdda,GO,57,6406.23,4.672413793103448,0.034482758620689655,22.196551724137933
34056b8b55c1775a22af2331670a799c,SP,77,6398.7,4.038961038961039,0.11688311688311688,22.746883116883115
02f623a8eb246f3c5f7c2f96462654e6,SP,44,6378.0,4.558139534883721,0.09090909090909091,18.855227272727273
57e632711dec9ec14ca7546769483e7e,SC,62,6350.06,4.446153846153846,0.0,18.584307692307693
1da366cade6d8276e7d8beea7af5d4bf,MG,42,6348.589999999999,3.978723404255319,0.125,35.166875
bd4889b5e9133b35b66e42a8665cea5c,SP,36,6271.9,4.463414634146342,0.0,23.443809523809524
6b243f80ed07b10f0e8aa0f21a205f3c,PR,79,6260.1,4.022471910112359,0.033707865168539325,17.385393258426966
ea67327e24487bdfac5fbfa37ea124df,SP,32,6250.18,3.5588235294117645,0.029411764705882353,27.355882352941176
670c26e0f1bf8d0576271d5cfaec6d2b,PR,77,6250.1,4.348837209302325,0.046511627906976744,19.539186046511627
dee656f0f566ed1aa85bd137c943f08f,SP,92,6212.08,4.382978723404255,0.05319148936170213,17.77648936170213
dfc5fb7259bb2b599ca565e6e9448f0f,SP,33,6124.63,4.117647058823529,0.058823529411764705,21.216176470588238
8a32e327fe2c1b3511609d81aaf9f042,SP,126,6101.12,3.940119760479042,0.05917159763313609,13.241065088757399
bacb1f0ed56ad24198f5810d2b3fe9a5,SP,38,6078.05,4.324324324324325,0.02631578947368421,20.253947368421052
6f892e20a171e98efe17fdb971ff319b,SP,41,6049.0,3.8979591836734695,0.08,17.1498
ad781527c93d00d89a11eecd9dcad7c1,SP,38,6039.63,3.3421052631578947,0.3157894736842105,57.19710526315789
2c9e548be18521d1c43cde1c582c6de8,SP,124,6013.56,3.9523809523809526,0.1695906432748538,14.365672514619884
ba143b05f0110f0dc71ad71b4466ce92,SP,83,5998.7,4.464285714285714,0.15476190476190477,15.603214285714287
9baf5cb77970f539089d09a38bcec5c3,SP,31,5989.68,4.4375,0.0,16.614375
bba74270a87732727b5a3b4fd9ac1c39,MG,35,5964.6,3.875,0.0,18.5935
37515688008a7a40ac93e3b2e4ab203f,SP,227,5954.1,4.0928270042194095,0.100418410041841,14.21192468619247
26d8a1c7c75d513045798992ead43aa2,PR,34,5937.13,4.333333333333333,0.08333333333333333,18.14805555555556
8e6cc767478edae941d9bd9eb778d77a,MG,100,5929.35,4.018867924528302,0.07407407407407407,20.085740740740743
6a8b085f816a1f75f92dbac6eb545f8f,SP,125,5884.17,4.176691729323308,0.09022556390977443,16.195864661654138
0691148aee60ca47977c187804f935ae,PR,47,5868.51,3.990566037735849,0.03773584905660377,28.130943396226417
f84a00e60c73a49e7e851c9bdca3a5bb,RJ,88,5849.24,3.7216494845360826,0.10309278350515463,19.90824742268041
688756f717c462a206ad854c5027a64a,SP,81,5837.67,3.7916666666666665,0.09090909090909091,19.27323232323232
0bf0150d5b9d60d9cd2906003332f085,SP,39,5774.6,3.711864406779661,0.1935483870967742,17.705483870967743
05d2173d43ea568aa0540eba70d2ca76,MG,62,5759.66,4.0,0.06060606060606061,25.443484848484847
f46490624488d3ff7ce78613913a7711,SP,80,5690.95,3.574712643678161,0.11494252873563218,19.464482758620687
91f848e9f4be368f4318775aac733370,SP,60,5668.61,4.367647058823529,0.02857142857142857,17.055428571428575
9616352088dcf83a7c06637f4ebf1c80,PR,91,5643.099999999999,4.278350515463917,0.0,18.21340206185567
8c16d1f32a54d92897cc437244442e1b,SC,108,5642.6,4.327586206896552,0.01694915254237288,17.898898305084746
e8b4225284fbb02d16f200513f1f395d,SP,30,5638.62,4.3,0.1,42.466
080102cd0a76b09e0dcf55fcacc60e05,MG,122,5612.65,4.53125,0.0390625,16.881484375
b14db04aa7881970e83ffa9426897925,SP,78,5595.9,3.8020833333333335,0.11428571428571428,20.042857142857144
f181738b150df1f37cb0bd72e705b193,SP,36,5529.7,4.486486486486487,0.10810810810810811,29.81216216216216
e2aee0892199b1d92530e371abd825bf,PR,36,5392.77,3.8974358974358974,0.1282051282051282,64.51564102564103
23c38debaffe4a25a30fdbd9b586a13f,SP,41,5382.18,4.304347826086956,0.15217391304347827,18.13869565217391
83deb69e889cf80f82be1dc6d5f2d486,SC,40,5363.01,4.357142857142857,0.047619047619047616,21.753333333333334
2a261b5b644fa05f4f2700eb93544f2c,SP,51,5355.0,3.3536585365853657,0.21951219512195122,24.899146341463414
e62b2d6ac10570a035a30bafcf01d263,SP,62,5340.39,3.8333333333333335,0.15492957746478872,14.578591549295774
b6d44737c043328708f6749c2dbe50bd,SP,61,5284.6,4.569620253164557,0.05063291139240506,19.612784810126584
3be634553519fb6536a03e1358e9fdc7,SP,80,5231.02,4.010526315789473,0.08421052631578947,18.986631578947367
f67efa3f0b6761102a7f8c6b7b571f5d,PR,31,5188.68,4.4375,0.0,26.2965625
f680f85bee2d253556ac91be391d2c82,SP,45,5183.92,4.296296296296297,0.018518518518518517,16.544814814814814
5b179e9e8cc7ab6fd113a46ca584da81,SP,34,5173.5,3.5142857142857142,0.08333333333333333,18.49
709e16e2b25c7474d980076c6bfc4806,SP,60,5151.9,4.525,0.025,15.337
d566c37fa119d5e66c4e9052e83ee4ea,SP,65,5145.7,4.71830985915493,0.0410958904109589,13.413972602739726
fad44952713764836814be105382aee5,RJ,32,5129.0,4.28125,0.03125,15.87125
4917cee8d902e13428c3ec4b1ca6f315,SC,31,5103.9,4.161290322580645,0.03225806451612903,34.65935483870968
45ba18c210d42734ec52c0c1c574e9ee,SP,35,5099.44,4.052631578947368,0.05263157894736842,24.324473684210524
b39d7fe263ef469605dbb32608aee0af,SP,43,5063.2,3.7872340425531914,0.041666666666666664,21.604791666666667
0cbcee27c791afa0cdcb08587a2013a8,MG,37,5054.15,4.0,0.10256410256410256,20.09051282051282
e067ad2c1c0b48758eb1b5228bcf7a68,SP,54,5042.55,4.131147540983607,0.08196721311475409,16.481311475409836
afe0067131b73e40875c9b6c10bd2e21,MG,45,5040.5,4.2727272727272725,0.044444444444444446,24.690888888888885
3df020b72d3d44b3af9d110fa3940b65,SP,55,5039.9,3.9504950495049505,0.1188118811881188,16.926435643564357
f84fa566034f5e8e880a07ec624c56af,SP,89,4993.91,4.3,0.12,12.1042
835f0f7810c76831d6c7d24c7a646d4d,SP,42,4990.200000000001,3.3125,0.3125,19.417708333333334
9674754b5a0cb32b638cec001178f799,SP,84,4941.7300000000005,4.052631578947368,0.031578947368421054,12.591052631578949
dbd66278cbfe1aa1000f90a217ca4695,SP,85,4928.9,4.454545454545454,0.06060606060606061,15.594646464646464
e9d99831abad74458942f21e16f33f92,SP,130,4922.4800000000005,3.9054054054054053,0.10067114093959731,13.37973154362416
3ab971ce71839580d2ae5b4e40fe8044,SP,35,4917.0,3.888888888888889,0.08108108108108109,23.79054054054054
1bb2bdb95f4841f1bba2c0d2cd83d3c9,SP,79,4905.76,4.573170731707317,0.07228915662650602,13.471927710843374
f789d2c4f2c2eb38fc4373e7a4b35264,MG,44,4864.24,4.183673469387755,0.04081632653061224,17.73469387755102
0d85bbda9889ce1f7e63778d24f346eb,MG,51,4845.2,4.211538461538462,0.1896551724137931,28.00862068965517
1336efc61c316ddf92c899eb817f7cae,SP,74,4837.31,3.9411764705882355,0.09411764705882353,17.858588235294118
abcd2cb37d46c2c8fb1bf071c859fc5b,MT,44,4817.32,4.313725490196078,0.0392156862745098,25.578823529411764
2a7dc43cecabf23403078e2188437d1d,SP,52,4795.91,4.092592592592593,0.07407407407407407,15.439074074074075
dfa0c4c6229ab200a4a1336b4d7128ff,SC,77,4777.1,4.011627906976744,0.03488372093023256,20.54779069767442
acce39e832338debb07b02385cde5967,MG,44,4748.1,4.4772727272727275,0.0,26.717272727272725
30a2f535bb48308f991d0b9ad4a8c4bb,SP,71,4731.3,4.252873563218391,0.034482758620689655,12.460459770114943
ad420dd0c4f92f8af951ac24b86d0cf5,MG,42,4705.29,4.159090909090909,0.06521739130434782,19.850217391304348
582d4f8675b945722eda7c0cb61ba4c7,SP,59,4702.96,4.112676056338028,0.014084507042253521,13.816478873239436
b2479f944e1b90cf8a5de1bbfde284d6,SP,101,4666.53,3.3515625,0.14728682170542637,17.11395348837209
7e3f87d16fb353f408d467e74fbd8014,SP,91,4653.09,4.161290322580645,0.11827956989247312,15.218064516129031
0176f73cc1195f367f7b32db1e5b3aa8,SP,37,4643.2,4.052631578947368,0.10526315789473684,33.47552631578947
ef990a83bbea832f36ebe81376335aa8,SC,43,4642.59,3.659090909090909,0.25,20.787499999999998
537eb890efff034a88679788b647c564,RJ,158,4617.9,4.178362573099415,0.05847953216374269,14.476842105263158
a3dd39f583bc80bd8c5901c95878921e,BA,34,4607.81,4.594594594594595,0.02702702702702703,21.73918918918919
9add47bf45ce8e8c7db6b9cf670b1e09,PR,41,4606.4400000000005,4.261904761904762,0.023255813953488372,25.18046511627907
06579cb253ecd5a3a12a9e6eb6bf8f47,SP,61,4587.400000000001,3.842857142857143,0.15714285714285714,20.293857142857142
4c498c7345e89aebad651544829beca0,SP,47,4570.27,4.276595744680851,0.1276595744680851,11.944468085106383
c68fb906c8f4b4b946d8386bfa6e5467,SP,45,4541.16,4.51063829787234,0.020833333333333332,18.592708333333334
45d33f715e24d15a6ccf5c17b3a23e3c,SP,56,4518.49,4.172413793103448,0.06896551724137931,14.91344827586207
b561927807645834b59ef0d16ba55a24,SP,85,4501.99,4.336842105263158,0.14736842105263157,13.737263157894736
b4a476fbd28de64b1e347abf9089366a,SP,30,4479.04,4.0,0.08571428571428572,22.744857142857143
8bd0f31cf0a614c658f6763bd02dea69,SP,33,4455.34,4.205882352941177,0.02857142857142857,27.65657142857143
b90e891671cffd9557f33a97dc523645,PR,34,4449.0,4.128205128205129,0.0,16.213076923076922
bbad7e518d7af88a0897397ffdca1979,SP,68,4426.32,3.0481927710843375,0.2261904761904762,15.653809523809525
0ef83d7d83ed97cd2a0049ac8be5f88a,PR,48,4421.01,4.2407407407407405,0.01818181818181818,18.669090909090908
fc906263ca5083d09dce42fe02247800,MG,112,4417.9,4.3931623931623935,0.0,15.857948717948718
beadbee30901a7f61d031b6b686095ad,SP,64,4373.98,3.9411764705882355,0.23529411764705882,13.78735294117647
2ff97219cb8622eaf3cd89b7d9c09824,SP,87,4339.1,4.553191489361702,0.06382978723404255,14.463829787234042
834f8533b2ecb6598dd004ff3de7203a,SP,41,4324.349999999999,3.8444444444444446,0.17777777777777778,20.584666666666667
cc5a78bbad32776dc4e3af205218368c,MG,33,4269.18,4.473684210526316,0.02631578947368421,34.320263157894736
43f8c9950d11ecd03a0304a49e010da6,SP,41,4249.59,4.560975609756097,0.07317073170731707,13.600731707317074
3c03b12bab54d8b37d79d914bfdb1aa0,RJ,37,4236.34,3.880952380952381,0.16279069767441862,15.893720930232558
8a130737016f838139d31878787a39c9,SP,56,4222.03,4.354838709677419,0.06451612903225806,13.585322580645162
23613d49c3ac2bd302259e55c06c050c,SP,69,4193.1,3.6923076923076925,0.13924050632911392,25.7473417721519
8bb48dc19fccaa8613b6229bf7f452a2,SP,82,4190.72,4.336842105263158,0.021052631578947368,19.55157894736842
bccf933e006e9b94a6184af782963e77,SP,45,4162.74,4.533333333333333,0.021739130434782608,19.227608695652176
8b9d6eec4a7eb7d0f9d579ce0b38324d,RJ,48,4159.55,4.115384615384615,0.15384615384615385,32.06346153846154
cd6efc47efaabf134f8bdb654e10b4f1,RJ,31,4158.55,4.5,0.09375,18.7065625
6fc26fe110feebd80a433e1f012a84f9,SP,35,4150.87,4.014705882352941,0.06944444444444445,13.572083333333333
65febd49fd28ec955651299159b1f527,SP,33,4136.71,4.342105263157895,0.05263157894736842,24.965
cac4c8e7b1ca6252d8f20b2fc1a2e4af,SP,74,4128.19,3.5617283950617282,0.23170731707317074,18.664756097560975
d66c305afaec317ebee552073a674429,MG,38,4126.59,4.545454545454546,0.022727272727272728,25.2025
98dac6635aee4995d501a3972e047414,SP,89,4115.75,3.8882978723404253,0.04736842105263158,12.52421052631579
42b729f859728f5079499127a9c2ef37,SP,103,4096.96,4.364341085271318,0.09923664122137404,9.923358778625955
99002261c568a84cce14d43fcffb43ea,MT,36,4088.0,3.7222222222222223,0.08333333333333333,30.56472222222222
6b3bd31ad8fcda4b2635ec9f3ff2ecdf,RJ,35,4063.9,3.9285714285714284,0.09523809523809523,17.570714285714285
715bbd5ba4e6b74cb0d2f29eb45058b0,SP,62,4043.3,4.46875,0.078125,19.8840625
382229d1e840115ffe3dbf5ff460e417,RJ,45,4037.06,4.3125,0.10416666666666667,17.776458333333334
3c7c4a49ec3c6550809089c6a2ca9370,SP,139,4002.75,3.7341772151898733,0.08227848101265822,11.370000000000001
55a5b51f93f2b70ea513f5a047b0262a,MG,39,4002.3,4.487804878048781,0.07317073170731707,20.66048780487805
6ec1a01e866584bb679eb9b098345919,SP,30,3998.91,4.241379310344827,0.22580645161290322,25.67258064516129
951e8cef368f09bb3f3d03c00ca4702c,SP,62,3993.31,4.164179104477612,0.08695652173913043,19.713478260869564
50c9975695009e5e6473912e83a6d1da,MG,50,3964.4,3.985074626865672,0.10294117647058823,42.934558823529414
ec8879960bd2221d5c32f8e12f7da711,SP,35,3957.5,4.294117647058823,0.17142857142857143,22.821714285714286
bf3c6d2a28b2b5501e6c15448982dcc9,SP,35,3956.5,4.4186046511627906,0.023255813953488372,16.084883720930232
3f995f07c49d0d55a99d5c54957f7d81,SP,43,3955.7,4.209302325581396,0.023255813953488372,15.616279069767442
81f89e42267213cb94da7ddc301651da,SP,46,3955.0,3.5384615384615383,0.0,14.734230769230768
11bfa66332777660bd0640ee84d47006,SP,76,3925.87,3.784313725490196,0.17647058823529413,16.496764705882352
d20b021d3efdf267a402c402a48ea64b,SP,86,3922.3,3.6930693069306932,0.17647058823529413,14.75450980392157
fde0cc9ea29c8ccfc0a2c22256a58c71,PR,35,3922.0,4.485714285714286,0.02857142857142857,28.550571428571427
d5ba419e26d246a0719437cf37d9b46d,SP,33,3911.5,3.909090909090909,0.11764705882352941,14.83235294117647
d673a59aac7a70d8b01e6902bf090a11,SP,79,3908.94,3.9642857142857144,0.09523809523809523,18.93595238095238
f00e21b1e91a79653163b7fd8f293ff1,SP,31,3900.09,4.1,0.03225806451612903,18.418387096774193
14d7985702e72162bbf13b6beb74ab2b,SP,37,3887.0,4.342105263157895,0.13157894736842105,14.578947368421053
02f5837340d7eb4f653d676c7256523a,PR,30,3883.05,4.833333333333333,0.03333333333333333,19.361
d12c926d74ceff0a90a21184466ce161,SP,76,3850.2799999999997,4.11340206185567,0.010309278350515464,12.63298969072165
6860153b69cc696d5dcfe1cdaaafcf62,SP,74,3827.63,4.156626506024097,0.08333333333333333,17.745238095238093
232a6014e7b10cba61c6c2b2ea6bb4b0,SP,32,3819.9700000000003,4.085714285714285,0.05714285714285714,34.202
6a0cbc8af2e8abd1bdfb777943d174c6,SP,34,3788.15,4.03030303030303,0.08823529411764706,21.441176470588236
3f3486b61f45078d4f31ee5e43d8c5bb,SP,39,3769.73,4.333333333333333,0.15384615384615385,22.65128205128205
f0b47fbbc6dee9aafe415a6e33051b3f,SP,67,3766.92,4.258823529411765,0.09411764705882353,15.540941176470588
7d76b645482be4a332374e8223836592,SP,172,3765.74,3.9668508287292816,0.1092896174863388,13.78158469945355
891071be6ba827b591264c90c2ae8a63,SP,85,3763.35,3.8555555555555556,0.16666666666666666,13.263333333333334
3c4e0452bff7a2a788179488d3d77032,PR,32,3746.4,3.742857142857143,0.027777777777777776,16.836666666666666
822166ed1e47908f7cfb49946d03c726,RJ,69,3714.83,3.9245283018867925,0.009259259259259259,16.862222222222222
520b493b57809f446cb0a233bb3e25c7,SP,63,3698.9,4.376712328767123,0.0273972602739726,14.574931506849316
0509040ea3fe50071181bbc359eb7738,MG,87,3689.35,4.494736842105263,0.0625,14.686458333333333
2745f798279e0ed033addcc1474776d7,SP,32,3668.53,3.967741935483871,0.09375,21.764375
33ac3e28642ab8bda860a2f693000e78,SP,34,3661.03,4.228571428571429,0.0,14.002571428571429
56642bcb79900e777d68e91915cb4267,SP,48,3657.64,3.767857142857143,0.16071428571428573,14.538392857142856
5d3bb11474a06bdc23fb9e89f1164ee0,SP,31,3654.6,3.9375,0.03125,16.381875
1eade46fba20122dc4aefb379f8c636b,SP,58,3635.37,4.306666666666667,0.13333333333333333,13.844533333333333
e49c26c3edfa46d227d5121a6b6e4d37,PE,34,3624.35,4.514285714285714,0.0,32.60885714285714
8f119a0aee85c0c8fc534629734e94fd,SP,75,3578.88,4.246913580246914,0.06172839506172839,13.172962962962963
99a54764c341d5dc80b4a8fac4eba3fb,SP,44,3578.7599999999998,3.5076923076923077,0.22727272727272727,19.67909090909091
602044f2c16190c2c6e45eb35c2e21cb,SP,48,3559.17,3.037037037037037,0.23636363636363636,16.541090909090908
406822777a0b9eb5c50e442dd4cd3ec5,SP,44,3548.09,4.355555555555555,0.13043478260869565,19.589565217391304
66dc1b1632bd6a3e508510c5b3492107,SP,36,3542.19,3.4878048780487805,0.024390243902439025,16.82219512195122
f3da5b2ff499efb8d4a6d371d175d7dd,SP,77,3540.89,3.919753086419753,0.13414634146341464,13.410975609756099
71039d19d4303bf9054d69e9a9236699,SP,35,3537.2,3.6842105263157894,0.2631578947368421,16.353947368421053
96804ea39d96eb908e7c3afdb671bb9e,MG,37,3530.75,3.9743589743589745,0.02564102564102564,18.903846153846153
3d8fa2f5b647373c8620330c4e077a9f,SP,42,3501.74,4.174418604651163,0.02127659574468085,16.8931914893617
4559697a8f7e637227c2eeaed843baff,SP,39,3486.3,4.205128205128205,0.07692307692307693,18.03128205128205
276677b5d08786d5dce7c2149dcce48b,MG,31,3424.2,3.888888888888889,0.06666666666666667,17.005555555555556
b17b679f4f5ce2e03ce6968c62648246,SP,50,3424.18,3.9215686274509802,0.17647058823529413,19.21921568627451
827f8f69dfa529c561901c4f2e0f332f,PR,91,3408.39,4.259803921568627,0.08653846153846154,15.34201923076923
1b8356dabde1d35e17cef975c3f82730,SP,55,3366.4,4.133333333333334,0.016666666666666666,16.1705
070d165398b553f3b4b851c216b8a358,SP,31,3333.17,3.5405405405405403,0.13157894736842105,25.472105263157893
6481e96574816ead57975da2c0f6d80d,SP,32,3324.9,4.1395348837209305,0.023255813953488372,23.62697674418605
6b90f847357d8981edd79a1eb1bf0acb,SP,45,3322.08,4.361702127659575,0.0425531914893617,15.69468085106383
db4350fd57ae30082dec7acbaacc17f9,SP,136,3304.3199999999997,4.145833333333333,0.041379310344827586,14.239310344827585
994f04b3718c2bab35c2adfa8afecd2a,SP,47,3289.8,4.327272727272727,0.07272727272727272,13.72090909090909
594f9aaa48e5bf431f011ddc5669b0d5,MG,37,3248.8,4.578947368421052,0.02631578947368421,23.35815789473684
643214e62b870443ccbe55ab29a4dccf,SP,65,3229.23,4.409090909090909,0.13636363636363635,13.507272727272728
4c18691b6037662be2df78a765d98ab5,SP,63,3195.52,3.8358208955223883,0.07462686567164178,16.731194029850748
d57e18d5f73c7ccb7f7339b61166898d,SP,61,3187.7,4.444444444444445,0.031746031746031744,14.65857142857143
870d0118f7a9d85960f29ad89d5d989a,MG,45,3157.2,4.016393442622951,0.04918032786885246,20.83327868852459
c8b3445d737de6befde0c88ede534a5e,SP,30,3149.04,3.9722222222222223,0.027777777777777776,18.104166666666668
5c6d4016c2a288f074fa0848a2b653d2,SP,31,3100.0,4.205882352941177,0.08823529411764706,14.650882352941176
95f83f51203c626648c875dd41874c7f,MG,50,3077.6600000000003,3.2153846153846155,0.046153846153846156,23.909846153846157
aae3bfea055532c57fb453ed3ec80b30,SP,48,3057.92,3.5510204081632653,0.0,15.985
0ebd97a106433a45a4aebe57c1799778,MG,31,3046.8,4.5,0.0,19.215
4da0e408c99d2fdc2126dc9fce518060,PR,44,3026.0,4.444444444444445,0.0,17.38388888888889
2d50d6282f8aa2257819a77bfaa0efe0,SP,42,3008.48,3.744186046511628,0.13953488372093023,17.538837209302326
3bdff180c7e1f6551a643b99c265a120,SP,56,3008.2000000000003,4.175438596491228,0.06896551724137931,17.308275862068964
0c7533c71df861ec58ad7ff999ed0e8d,SP,61,2989.2999999999997,4.082191780821918,0.0410958904109589,11.975479452054795
9646c3513289980f17226a2fc4720dbd,SP,69,2964.4,4.342105263157895,0.07894736842105263,15.629342105263158
b1ac6ea7895bc3dd6f0f6f4abbdd2821,RS,38,2962.0,4.526315789473684,0.0,20.32526315789474
8cbac7e12637ed9cffa18c7875207478,SC,66,2955.98,4.185185185185185,0.04938271604938271,20.255925925925926
f4aba7c0bca51484c30ab7bdc34bcdd1,SP,108,2951.8999999999996,3.8956521739130436,0.06956521739130435,13.17591304347826
20d83f3ef0e6925fd74bfd59170babf7,SP,40,2903.6,4.351851851851852,0.037037037037037035,12.10388888888889
a6fe7de3d16f6149ffe280349a8535a0,SP,50,2844.9,4.06,0.1568627450980392,14.304705882352941
5f1dc28029d2c244352a68107ec2b542,SP,62,2807.3,4.428571428571429,0.07692307692307693,12.771282051282052
cb3dd9ce66268c7a3ca7241ac70ab58c,SP,48,2788.32,4.22,0.06,16.407
1838dd9b8977065acf51d95e0053ea7a,MG,62,2750.5,4.338461538461538,0.046153846153846156,18.65830769230769
f7ccf836d21b2fb1de37564105216cc1,SP,69,2748.4,3.859154929577465,0.0958904109589041,15.177260273972603
3fd1e727ba94cfe122d165e176ce7967,SP,35,2747.4,3.9722222222222223,0.19444444444444445,15.235833333333334
5cbbd5a299cab112b7bf23862255e43e,PR,36,2726.06,4.315789473684211,0.0,17.346052631578946
33576ec5412fb5905d876f12f33bfde6,PR,31,2718.0,4.125,0.03125,17.811875
31561f325664a8a7aba4c8d0c3a9b3db,SP,36,2702.19,4.578947368421052,0.02631578947368421,16.504473684210524
2a1348e9addc1af5aaa619b1a3679d6b,MG,48,2697.4,3.04,0.29411764705882354,14.262156862745098
974cf2cb8f4b7add98709c30df02fe10,SP,30,2694.7,4.166666666666667,0.03333333333333333,16.573333333333334
432c37c9dfba871172ec162e20118b8c,DF,44,2679.87,4.290909090909091,0.14545454545454545,16.998727272727272
a17f621c590ea0fab3d5d883e1630ec6,SP,63,2677.92,4.175675675675675,0.0641025641025641,14.030128205128204
c9aafcd0621b2207c10e32c649cada4d,SP,40,2671.26,4.340425531914893,0.0851063829787234,17.389148936170212
d93919c944be9cff128f6c9cb899eacb,SP,33,2666.7000000000003,4.0,0.18181818181818182,29.009393939393938
1ce3ae5a399804d1a87e706f8a813c3e,SC,40,2563.0,3.727272727272727,0.09090909090909091,19.402045454545455
cd06602b43d8800bd0afad514919d35c,SP,43,2555.31,3.730769230769231,0.038461538461538464,14.087307692307691
b76dba6c951ab00dc4edf0a1aa88037e,SP,157,2545.31,4.1878787878787875,0.029940119760479042,13.664850299401198
b335c59ab742f751a85db9c411a86739,MG,30,2494.11,3.935483870967742,0.06451612903225806,17.578387096774193
cce6ab8d1682639fe45ab70234f1665f,SP,61,2442.7,4.53125,0.046875,17.76390625
318f287a62ab7ac10b703ac37435a231,SP,51,2432.48,3.918032786885246,0.11475409836065574,17.984262295081965
efcd8d2104f1a05d028af7bad20d974b,SP,46,2384.79,4.2,0.02,16.8062
d3f39f05462b79a4562d35893a28f159,SP,33,2363.4,3.324324324324324,0.13513513513513514,14.323513513513515
5160d23075764e18e07c1f4a87fad743,SP,33,2359.0,4.447368421052632,0.02631578947368421,12.59578947368421
ede0c03645598cdfc63ca8237acbe73d,SP,43,2352.15,3.6666666666666665,0.3404255319148936,15.070212765957447
3504c0cb71d7fa48d967e0e4c94d59d9,SP,53,2349.94,4.415094339622642,0.0,12.969245283018868
fd386aa7bed2af3c7035c65506c9b4a3,SP,69,2304.15,4.355263157894737,0.10526315789473684,13.316052631578946
5a93f3ab0ef4c84ed5e1b5dbf23978bc,SP,38,2299.2799999999997,4.813953488372093,0.023255813953488372,15.184651162790697
1d4587203296c8f4ad134dc286fa6db0,SP,40,2287.5,4.365853658536586,0.04878048780487805,15.961219512195122
6338ea67c41078a46ad99cc009654956,RS,37,2286.09,4.609756097560975,0.0,21.00681818181818
dd533b429f380718b70ad9922c294bae,SP,39,2244.88,3.86046511627907,0.11627906976744186,25.37906976744186
b74d1c09cb380e1d03a6f859c6f4224b,RJ,30,2174.61,4.2368421052631575,0.15789473684210525,21.315
4992e76a42cb3aad7a7047e0d3d7e729,SP,56,2171.2,3.8767123287671232,0.0684931506849315,13.593972602739726
0ffa40d54288e4f3499b8780dd0f144f,SP,33,2162.8,4.4,0.14285714285714285,16.67628571428571
f214d28e8d8e3ef068748498ccc2f813,SP,52,2152.43,4.125,0.07017543859649122,13.779122807017544
e8f6dc8e6a1dcde89d20e3995c8d90b3,SP,35,2148.7400000000002,3.5681818181818183,0.06818181818181818,45.836363636363636
b56906f7fd1696e043f1bcce164c487b,SP,40,2148.49,3.9523809523809526,0.047619047619047616,20.165
7f7b8245c336066a1f9933c359f11d77,SP,38,2094.36,4.558139534883721,0.023255813953488372,12.462093023255814
e38db885400cd35c71dfd162f2c1dbcf,DF,30,2066.8,4.5,0.125,20.9609375
f7720c4fa8e3aba4546301ab80ea1f1b,PR,59,2043.55,4.240259740259741,0.03896103896103896,17.107012987012986
78c99c6dff4eeae5be99bf635ed21e3f,SP,31,2030.88,4.333333333333333,0.1282051282051282,17.048461538461538
0ed6ce5d87fd9c69eaacaeb778d67235,SP,42,2026.52,4.390243902439025,0.14285714285714285,15.97095238095238
116ccb1a1604bc88e4d234a8c23f33de,SP,61,2004.89,4.602739726027397,0.0547945205479452,12.923835616438355
c013e57c075a06e5b5c48ee03c525719,SP,42,1971.55,4.155555555555556,0.08888888888888889,19.04688888888889
bf84056e679dbe9c69929847a40e338f,SP,35,1918.08,3.763157894736842,0.07894736842105263,11.539473684210526
6df688df543f90e9b38f4319e75a9d88,MG,39,1891.76,4.509090909090909,0.0,13.989818181818181
daeb5653dd96c1b11860f72209795012,MG,38,1864.1,4.269230769230769,0.07692307692307693,15.09974358974359
c8467937e403e76a8ee9f0ab13f6f5ef,MG,30,1853.79,4.133333333333334,0.12121212121212122,17.846969696969698
729b2d09b2a0bdab221076327f13d050,SP,48,1805.21,4.583333333333333,0.06666666666666667,15.578333333333331
dc8798cbf453b7e0f98745e396cc5616,SP,35,1733.0,3.488372093023256,0.06976744186046512,12.23139534883721
25cf099de44674fde97473224f9d59ab,SP,50,1654.36,4.326530612244898,0.04,14.103800000000001
2a6fbeaa7ab9e5d59a35841a8da71ce4,SC,30,1632.79,3.9310344827586206,0.06666666666666667,21.083000000000002
9b00ed88b7fdb95d6ff76e27c1b52d16,SP,46,1567.88,4.58,0.06,11.356
3586b8580d9c917874e053a1bb37b5ff,SP,36,1524.7,4.441860465116279,0.046511627906976744,19.24767441860465
d9a84e1403de8da0c3aa531d6d108ba6,SP,53,1385.3,4.620689655172414,0.05172413793103448,12.480172413793104
e63e8bfa530fb16910dd6956e592bb81,SP,41,1282.8,4.333333333333333,0.047619047619047616,15.366904761904761
718539d38d07dd351c76db862760e2e2,SP,35,1273.01,4.488372093023256,0.0,14.758139534883721
002100f778ceb8431b7a1020ff7ab48f,SP,50,1216.6,4.037037037037037,0.16666666666666666,14.417777777777777
01fd077212124329bac32490e8ef80d9,SP,31,1208.0,4.3076923076923075,0.02564102564102564,14.752820512820513
5f3ae9136c875522250f8184f253413a,SP,42,1143.05,4.5777777777777775,0.06666666666666667,13.260444444444445
138dbe45fc62f1e244378131a6801526,SP,49,1125.56,3.9827586206896552,0.034482758620689655,11.883448275862069
75fbb52eda0cbc24f479d3b2fbfa8d3e,GO,38,1094.19,4.487804878048781,0.04878048780487805,21.957560975609756
325f3178fb58e2a9778334621eecdbf9,SP,36,981.6999999999999,4.456521739130435,0.0,9.818913043478261
4e06067cc08b3f41d837768d392c3ee3,MG,31,941.72,4.173913043478261,0.043478260869565216,12.446304347826086
1caf283236cd69af44cbc09a0a1e7d32,RJ,33,917.6,4.54054054054054,0.10810810810810811,16.558108108108108
113e3a788b935f48aad63e1c41dac1bd,SP,39,847.35,4.404255319148936,0.041666666666666664,14.304166666666667
20cb7c2fde3e5bf10f0bbe7394e1c6a9,PR,31,844.9999999999999,3.9,0.1,15.603
18e694e0e48ed6f7aa3f24aade5fd697,SP,31,701.54,4.676470588235294,0.029411764705882353,14.830294117647059
48efc9d94a9834137efd9ea76b065a38,PR,33,345.6,5.0,0.0,9.423529411764706
